"pair","view","file","source_png_sha256","jpeg_sha256","eye_x","eye_y","eye_z","yaw","pitch","fov"
"1","pair","001-pair.jpg","a17b179b41d6fe91de340d297c285c26a9034404879f8dd7abe40567cb3adc1c","c14f51c9427a61a376f4edad332e212bd995e9eb82ffea9d00e8cf56bd779c53","55.5","-32.724765889503196","-41.32307104928784","0.0","18.0","70"
"1","mod","001-mod.jpg","6c9ac11dfde58109e0f329d2aa6400e72b82ed17236dff31c29321ffdca08f0e","2dc9a2e5ab73dd96c9106301bb8c638c11e27855d65d414a16067eb5e15af227","27.5","-44.169436210559965","-13.099997613773187","0.0","18.0","70"
"1","vanilla","001-vanilla.jpg","74b622bbb145db37448e08fe86e98597c58729b7fbced9466a537579da03fe31","f52d75853390788de9a7482d13659ff7a1f6b5c1cc3450f18ade6139a82a5345","83.5","-48.50271716723484","0.6199445427772279","0.0","18.0","70"
"1","interior-entry","001-interior-entry.jpg","e876bc11e7e4be854ca00f80a376dd1a71e1368b85f75d9f2156378e1f21bc32","59a2abb2e8149e6cdf3cf7c01d59e5ef9d16d928f3c86e9481be6f500d08a1de","27.5","-56.38000011444092","23.5","0.0","8.0","70"
"1","interior-reverse","001-interior-reverse.jpg","d48e1df21cd48051772748f953b8ebb4c5529a4545a47e0a3738142200f8c14f","98fa0990482d9bac7c4c3eb01f01586498aa49249ae43c40503964484f25fd03","27.5","-56.38000011444092","27.5","180.0","8.0","70"
"2","pair","002-pair.jpg","d9593a7ce2478f4977cffa77f51ae07f72f88c499d0e2549c0531c26080c0a54","9077939d0df348fb275f3f1fcd369a26a322b9f31838014dde897f92ec612323","167.5","-33.724765889503196","-41.32307104928784","0.0","18.0","70"
"2","mod","002-mod.jpg","1b34e5f6e1e2b546b9fcbe4d0bc156999513cd9429d35ccd663f29a04200f7e9","3088110684d858894ad6c62a28963b6eb576a61b20587fda9abbd243f2ae6d52","139.5","-47.17727310899098","-6.920511046139037","0.0","18.0","70"
"2","vanilla","002-vanilla.jpg","24b8a1e932f03cb158922733e6f096f1cddc3bb63903ff852406d22e8562c66e","30827a4c9720b5735745e8997675f1735980d5334bb23e09ce2fa99acec8b303","195.5","-51.07356351306471","3.9156707121821075","0.0","18.0","70"
"2","interior-entry","002-interior-entry.jpg","1b59547db40c4b40e32d69c1c12661a5d718cd3ab202218aee24a2a1336ffcd7","2d12236ff0a43e1aedec22f32125746b5955172aa653aed15f6b6c04506804be","139.5","-56.38000011444092","23.5","0.0","8.0","70"
"2","interior-reverse","002-interior-reverse.jpg","bb09ae8984139838ddf55c36d1a5d372dbf62b65686742ab0573ea5a0cbdb677","d8a5e08297b6002e9d75b2c097b9cb217be0b29bf1550d09f047b7c23867346e","139.5","-56.38000011444092","29.5","180.0","8.0","70"
"3","pair","003-pair.jpg","453b31ed7b2b84782153c8cebc766c5cebd8b98286d320d769826376529850b7","be9abdf6dd948c2089fc27f3941c2ad362a78139cc45720160fb2b110e05fc51","280.0","-32.724765889503196","-41.32307104928784","0.0","18.0","70"
"3","mod","003-mod.jpg","6d8d24afe0b9fa0893d28efabac78e9a3ddbb39525a7465356a5959995805e8d","877533464fc6494ff90706e4b9a492dab8e1b27e17501dd21c512737475e22e2","252.0","-43.56708514103066","-14.953843584063431","0.0","18.0","70"
"3","vanilla","003-vanilla.jpg","7cd8695685c7d1129a930e3d1514f66f22b695deaf7c2f7892562684ee33846f","12c760d69b84cf853b021f4f0714d8d1523c10d67f6be275ed9515b967fd6f02","308.0","-51.07356351306471","3.9156707121821075","0.0","18.0","70"
"3","interior-entry","003-interior-entry.jpg","cd5c64db56db9023d5d540dd34eeaa5022b17eec3bd6c072c07618642e1645da","83043fe43237aa38bec21280da540d1b9374a9c96e6f47e83c01729e0e70b95b","251.5","-56.38000011444092","23.5","0.0","8.0","70"
"3","interior-reverse","003-interior-reverse.jpg","e679ac05826f4eb651a8da32aef98ada176cdb6d5490771b53158e5e8017bfe1","f19ed847e8f096aa5f5a32e2791246c48492ca1f72ca4eb1dcada8b8478e9677","251.5","-56.38000011444092","30.5","180.0","8.0","70"
"4","pair","004-pair.jpg","dfaba950098282ee41e0bb65a8f49cea735dc3486bfd24bca90d30e05ab477f6","4e97b6af05eddf4e52c8452a767283be96fe69733d916de55bda46b768d9ff61","391.5","-36.224765889503196","-41.32307104928784","0.0","18.0","70"
"4","mod","004-mod.jpg","b26a32a87b03edb8a4d7ed3ffb965c7f9a4b2321e446701c16a329e562093632","b514a9696b44f1dbdddbd4157b65be328227c446ca8f2b85ceee4b48ed4af8b3","363.5","-50.07884048867718","-5.684613732612206","0.0","18.0","70"
"4","vanilla","004-vanilla.jpg","5cf36c144484858dc52f37260f88f5d03b385ca139bd893a25209e187e47e431","c4e34e14459f5384fefcd5d369756576f1432fdfb922c7dfc11dffa0e561dc2f","419.5","-52.10096375964604","4.0","0.0","18.0","70"
"4","interior-entry","004-interior-entry.jpg","56bf51a38b7911dff596829fbbf0caf95a97bce79f45c8d4b1a95b5a1e65f0df","827e736c19d0f48425844ea0b818e16bf4de93f78eb08de16ae5ccbbfa332178","362.5","-56.38000011444092","19.5","0.0","8.0","70"
"4","interior-reverse","004-interior-reverse.jpg","d8192a6569703790fbf58bcff1981658c43fd7c4c28c59e5ccff408fcc1d73e1","d2b409969769997080bcc75dc29cac7bc2e24d1fa9ada197271e236c472ebc36","362.5","-56.38000011444092","24.5","180.0","8.0","70"
"5","pair","005-pair.jpg","58b0927f4caa57a5cc896fba62c80258e65f0d6bcdb4429ece7998448a6ab907","78e4897cca3f091b580526940e5ec0568fbda8b796a6585640af50442859336e","503.5","-35.724765889503196","-41.32307104928784","0.0","18.0","70"
"5","mod","005-mod.jpg","d037e6759af07251adf061c8f5525901b2b0481f20ca32d44c5059c742937ddc","c30413c21bb035919fe402e2224366572e4ec193cf00e43e7672ba75222b6305","475.5","-48.775705729304775","-8.156408359665864","0.0","18.0","70"
"5","vanilla","005-vanilla.jpg","ffe3081476275b7a0aaf9898479f198628a410103e18db878a8a5c39ad61342a","c995dde8fb402f8682f860d72b4ea7fe08290b9d39df3ac3b873e84c41008dee","531.5","-51.60096375964604","4.0","0.0","18.0","70"
"5","interior-entry","005-interior-entry.jpg","af8a6140f0ecaa065c5b6a90af131c40ee4a825175cdef0f819e7bbb3b1102e3","b47902e3e9179ee55e9b20a24beff3ab537b3e835506d284cd5cb2cd201c0f02","475.5","-56.38000011444092","21.5","0.0","8.0","70"
"5","interior-reverse","005-interior-reverse.jpg","c5fefb29cc5a9c84021806c5fdc8163d5a3acfc014469f652f5789c6c648b684","4efc97f2304c2a122168e0f481c66aa68078ecdcfd91a1b30269c1ef7deab55a","475.5","-56.38000011444092","27.5","180.0","8.0","70"
"6","pair","006-pair.jpg","f2c236b4f864edf0625b62b10ebd73e9d20d535f1d96b38ef9b186ecfac70ca7","6fe685749fc807253335cf768419bb8b2d1e788fdedac1778303bdd3139d53ca","615.75","-36.224765889503196","-41.32307104928784","0.0","18.0","70"
"6","mod","006-mod.jpg","2af4b456db31467b2c113064b0c5a0bc2bcc2a6d2b97c61a1083d329101402c6","22308b4ce106407a84093f692b7b6773c19fe44c4bd4a03d81ceed00b77075bf","587.5","-48.47257096993237","-10.628202986719526","0.0","18.0","70"
"6","vanilla","006-vanilla.jpg","769fb5a2deadb71f91c3f4158bf46bdec7ee487d3357d88132941c24ebf2451b","0686956dc17de18fe1a443b01c6193cbba1db713136806d53de570be7e24797d","644.0","-52.60096375964604","4.0","0.0","18.0","70"
"6","interior-entry","006-interior-entry.jpg","eb3ce2e3c316a5b823e795f8199150e9be5f0852b6f1ae0d44948d6525c8c804","cb46476525ae4f7d300e96aa267ab37d5575727dfa1907ba3504d61c8abc32fc","587.5","-56.38000011444092","19.5","0.0","8.0","70"
"6","interior-reverse","006-interior-reverse.jpg","c8a5cb647a1806e25ecb18b6454cca53f2bdc1b8f6ae06a03f7fac0f66d8970d","a6f5920bc101812a728f521c284e36e0cd09b3857a1fba8f5a26ae1b8f614f15","587.5","-56.38000011444092","26.5","180.0","8.0","70"
"7","pair","007-pair.jpg","8889c3dab5c419484133aa3d17bba23417f9d91b14026373a55e9d0aa7687b04","beab9029fa59ab99f4a33a8d69a5ac50eaa6a97deaaa9d7f06e8065daa6f7fbf","727.5","-36.224765889503196","-41.32307104928784","0.0","18.0","70"
"7","mod","007-mod.jpg","6712438d2b06f261b9bfb2be6d8457525b3bcb922df889fe2dd2464ae39dfe77","fa45324c7fdd9eea205dcafc87241064cbf50daea8b44452a64c803619791c2b","699.5","-49.275705729304775","-8.156408359665864","0.0","18.0","70"
"7","vanilla","007-vanilla.jpg","9fc983e4cb65f8f16763e2a348653aee724457289725522142256b3380535bd6","d354a12c3be6462f814aaccd368bc8434b684b2961c1efbd21916fa536f8cd55","755.5","-51.60096375964604","4.0","0.0","18.0","70"
"7","interior-entry","007-interior-entry.jpg","11276229d81c244f72410bc81d877fc0bb19c751ad64353186c98f8094117c01","67c4cca26170076f79d8e9a3eecab437f2119b346307419a438d6af42cd02c35","695.5","-56.38000011444092","19.5","0.0","8.0","70"
"7","interior-reverse","007-interior-reverse.jpg","7efdd4c74d3471aaa2cf6fbc86c85118343a90c31f40be57fefd8979546f563c","02b52c95c7d89e005e70727dacef37383e889838b99b9a99745bd4f5431d8601","695.5","-56.38000011444092","24.5","180.0","8.0","70"
"8","pair","008-pair.jpg","f04373eaf1c869cea02c70abed0b8d5cfcffd7e0606248de53695e64975d3f91","1a2841aa770f7177cb66cfbeaa3a88479f7bd8cfe643e35780737726299c9192","839.5","-34.724765889503196","-41.32307104928784","0.0","18.0","70"
"8","mod","008-mod.jpg","0b9828160f712c4178564e85360a7dea3b4bf5b4c1d497a054483c1b2d5d1e61","c9795e59b42026650a68985c907b1c5bf49d845988a38a6bb4aef690da4f6df4","811.5","-48.57884048867718","-5.684613732612206","0.0","18.0","70"
"8","vanilla","008-vanilla.jpg","70136467d3d38a63a3512483303bb6f8157d81a362a116fbd56664ff354be488","bfbf8a7633431977fad05dcae035b3d61c8686b796efde7c2dcd1a365899a242","867.5","-51.28354262773579","3.0230782079682843","0.0","18.0","70"
"8","interior-entry","008-interior-entry.jpg","7118c61082ce4744cabd3185a9049a857d5c59e8ed4be43127686cc3be0fa2ba","d9725c0b67f87316261e8b2118ebb735c9b5df4ce680596995aebc30a1e855bc","811.5","-56.38000011444092","22.5","0.0","8.0","70"
"8","interior-reverse","008-interior-reverse.jpg","89496a9350eae2ab3e06a8f35335d7107dff17bb483234eb5ba86172a774d544","1fa0fd9b5d622e5d055e86b319df7e2e539bfbeaf6aaebb75d586a3afd7763e3","811.5","-56.38000011444092","27.5","180.0","8.0","70"
"9","pair","009-pair.jpg","dabe30eb0deb8262116984305ebb8310b385da6c6e722622e18a524b01a7152e","86d443e23d3043058a778ec9dd1f87abdcfa88d89f76da39ceb9b75aebfc8cb3","951.5","-34.724765889503196","-41.32307104928784","0.0","18.0","70"
"9","mod","009-mod.jpg","366987540efa9bdbc9fb977fec0d244e2210ad3f9cd400020965784e5a6b29bf","4ec2bc28df90d0783d121eb517cc68e36baeacfc874e1a4ffbcd7c1bdb13cf63","923.5","-47.775705729304775","-8.156408359665864","0.0","18.0","70"
"9","vanilla","009-vanilla.jpg","7f934ebad71d966c41301fcf8e13a0cce04df1998d1c9cdd4b8a3f878d7d5f1a","b56fc1428e9ac2ae9d1c6e34081ecf3382852303f37a6c2bbd06e2078c1d4d13","979.5","-51.07356351306471","3.9156707121821075","0.0","18.0","70"
"9","interior-entry","009-interior-entry.jpg","5de407658c99d7dc41ceb02ee77ae9fee6eb480c4bbc55b7dda1e959d49565cc","11b84370fb06c4538b92c0366e2da5b0d54b6d9929ea236d3fea22996fa9c7c0","923.5","-56.38000011444092","21.5","0.0","8.0","70"
"9","interior-reverse","009-interior-reverse.jpg","ad3e1bf0d8f527dbb40afd27326331d288a6999ca5fdb7fb396f9184fd81ad6e","f6b3475baa089788c7e3f47e76e43bb6a0a61af907694d5695540d525edd4d09","923.5","-56.38000011444092","27.5","180.0","8.0","70"
"10","pair","010-pair.jpg","dcf52e2d76f30402379736f2bbe84d51acca0e65d2b7d07f2bfb93c3d2e9d57c","743984b1716ae24d1558975b3834d46cb1e230be9d27d4c6a8da9a34fbd20a0c","1063.75","-34.224765889503196","-41.32307104928784","0.0","18.0","70"
"10","mod","010-mod.jpg","c5e84bfff1f6148a7269a83ff555d110b0f3bba5981683e795744479f8189937","d50188ee3cd6dd6287c033bada5666a38dcb276802b3476fd5d47cccb3665451","1035.5","-48.07884048867718","-5.684613732612206","0.0","18.0","70"
"10","vanilla","010-vanilla.jpg","e00619361b389fb727526bd3c39c31dcf3f0ea6c337c9e965839c784e00301c3","cb6aed84689a6664ae054590f92081fbe5aa82e4029b6f845a3a8cd68a60d051","1092.0","-48.50271716723484","0.6199445427772279","0.0","18.0","70"
"10","interior-entry","010-interior-entry.jpg","22ec60d36d31316067eef36d225018c2f13096d7d0d0e8d413fc04a019aabefc","1b70c9b614d017e7083d9cf357766b8bfe1c77e800e46f311b48c67fc75e56e7","1035.5","-56.38000011444092","21.5","0.0","8.0","70"
"10","interior-reverse","010-interior-reverse.jpg","7b6c447dca9e1b391e54fe20603804c08e1c76dd30cc8780a0b6eafa0cb503b8","66c0c11a2e7e694409e6c6687cde3ba0fa31379372889efa5f2c5d8faa43060e","1035.5","-56.38000011444092","26.5","180.0","8.0","70"
"11","pair","011-pair.jpg","73e9c6a034559ce35ad0c1adfa599d5efe145a2378ccfc7c7568b23d7881c4a2","5c2d00b62afec91facfaf353c1d01a536a8753a631c86e61229696f1f547943b","1175.5","-32.224765889503196","-41.32307104928784","0.0","18.0","70"
"11","mod","011-mod.jpg","712736ccd9f97a41f8b894a21fbba916189d4e8b08a22cbe6ebb22c61517cbd5","0219f59670c75a77bb43820176b1701bd933a80693efc55765d54f78cca4e0bf","1147.5","-45.074922039461676","-8.774357016429278","0.0","18.0","70"
"11","vanilla","011-vanilla.jpg","bef6ffed691256b6f26a4c23ac690110902326e7271bcd18c2cd21a1efe9d812","9b28011502df74bc198a44b1334061fa6e35ea5f9e41e201e3bed1914475dd23","1203.5","-49.35966594917813","1.7185199325788538","0.0","18.0","70"
"11","interior-entry","011-interior-entry.jpg","04c0ae4f9084f0e811a7ac79be607211ed904061e5eb6e7ae06132c39186f80c","2cbfc7f1590f9ae72e9630267ef22fa35fa52f8ec6d1c356bd63e8d6910e50c6","1147.5","-56.38000011444092","21.5","0.0","8.0","70"
"11","interior-reverse","011-interior-reverse.jpg","472907f8b8ffab91ac3e8f7df9e865d70606dedd77e0d56ae08c8921af6f21dd","95c9074b3bd21e91a8a59a3f7c3c1f89aefac049cbf34fd3378987f1f563558c","1147.5","-56.38000011444092","27.5","180.0","8.0","70"
"12","pair","012-pair.jpg","9e4ae00752be5680ae8c4a015932f89ae18779a601f31eeea1d129bff5e3079a","6abde0abc7a2179e1bd6822c59f8e575e1cd46ce3899cb94835f71bd0e76937b","1287.75","-34.724765889503196","-41.32307104928784","0.0","18.0","70"
"12","mod","012-mod.jpg","2873c857d3a984e7b284c04154c758f3b8c5190fc6617b069e4a949e2db60508","47044125f5003cad193d2887e82471b2aecbbd7d7357d80abccc742329a135d4","1259.5","-48.57884048867718","-5.684613732612206","0.0","18.0","70"
"12","vanilla","012-vanilla.jpg","d37b6b1b9b0fadec9bf3c9f0b4f8dfad5f16e04e26c8239a4533d1a7c5e34fa7","16c4f42a5430b9fcf225333bcb0bd54d708d37ace4af60e7bf9e4799d170353a","1316.0","-52.10096375964604","4.0","0.0","18.0","70"
"12","interior-entry","012-interior-entry.jpg","80d346f5f21df53e35bab1dd51eb039dd18b7b6b1284bb126f88791f7bd7168b","7e26407850178f4c42aeabb683121f9af406ab3349ee54f3394c8f94997b3045","1259.5","-56.38000011444092","21.5","0.0","8.0","70"
"12","interior-reverse","012-interior-reverse.jpg","d1e8a0db0180b281c753cf739044a7283a66f3e3e5eed54132af84b96d2c64cd","a6cc421b96fb85cb227055756f42611839f68b624424b34107a6cc338713787d","1259.5","-56.38000011444092","26.5","180.0","8.0","70"
"13","pair","013-pair.jpg","b2eaca2c055e060da21de35cc8161edcfc8bca2f8b32f08b06fa2705f6edd1ba","c92c3b13b0c5358f447e6f2232f31e80dadcae44fc214544b3a8451a101643f6","1399.5","-33.724765889503196","-41.32307104928784","0.0","18.0","70"
"13","mod","013-mod.jpg","430432ebb240d6691c5019a1045239877b7c0d794320a70d1acd3d14ffa55fef","ffa9698c4540923e86d5f2e221860b38891346838408d35b8407c419bd16e8f1","1371.5","-46.775705729304775","-8.156408359665864","0.0","18.0","70"
"13","vanilla","013-vanilla.jpg","ee25a850db70125dcccc83afb0ac427e1c73a6f08658a9ae034d69428133df4b","c9f87774dd88a49e818fd4d8bab131ebd79d5b2f2aa47549cfa580096e8bba0b","1427.5","-51.60096375964604","4.0","0.0","18.0","70"
"13","interior-entry","013-interior-entry.jpg","4ad8438bf6acd0724e5c27732363503e455efe2ad248186b77445115c164516e","645c06dd215a27bc685657198fd3e4ed2178825d8d649c7dcc229520fd140f03","1371.5","-56.38000011444092","21.5","0.0","8.0","70"
"13","interior-reverse","013-interior-reverse.jpg","6b1be20f29852278ed21ab3603d8e8b64283ac3adbefe871673fc99b631e9ba2","7dd4d2ed089e520dbe0f9b3faadf6109a1f20e8ab0919e5bff2ece694eb40286","1371.5","-56.38000011444092","27.5","180.0","8.0","70"
